Target_Gene	Entrez_ID	Mean_RPKM	Expression_Rank
SLC30A8	169026	202.30096912500017	1.0
TCF7L2	6934	12.752115500000004	2.0
CDKAL1	54901	9.719386812499991	3.0
KCNJ11	3767	3.845518749999999	4.0
IRS1	3667	0.5610207499999998	5.0
MTNR1B	4544	0.03348675	6.0
